380,5.3728e-05,5.4219e-05,5.3236e-05,0.00015488,0.00016006,0.0001497,7.5478e-05,7.985e-05,7.1106e-05,9.5652e-05,0.00010179,8.9514e-05
382,5.583e-05,5.0202e-05,6.1459e-05,0.00015883,0.00016535,0.00015231,7.9583e-05,8.392e-05,7.5246e-05,0.00012778,0.00012545,0.00013012
384,5.8327e-05,5.2394e-05,6.426e-05,0.00017712,0.00018668,0.00016756,8.0982e-05,8.769e-05,7.4274e-05,0.00012127,0.00012577,0.00011678
386,6.9054e-05,6.2992e-05,7.5116e-05,0.00017049,0.00017446,0.00016651,7.8441e-05,8.5374e-05,7.1508e-05,0.00011909,0.00012645,0.00011173
388,6.5411e-05,6.1358e-05,6.9463e-05,0.00017025,0.0001718,0.0001687,7.397e-05,8.0135e-05,6.7805e-05,0.00011502,0.00012242,0.00010762
390,5.9323e-05,5.7257e-05,6.139e-05,0.0001685,0.00017172,0.00016528,7.4129e-05,7.8279e-05,6.998e-05,9.8573e-05,0.00010692,9.0231e-05
392,4.582e-05,4.538e-05,4.626e-05,0.000127,0.00013619,0.00011782,5.5186e-05,6.0934e-05,4.9438e-05,9.3103e-05,0.0001002,8.6002e-05
394,4.9473e-05,4.7198e-05,5.1748e-05,0.00011824,0.00012464,0.00011184,4.7908e-05,5.1333e-05,4.4482e-05,9.5813e-05,9.7869e-05,9.3757e-05
396,5.8368e-05,5.6356e-05,6.0379e-05,0.00012334,0.00012405,0.00012263,7.6092e-05,7.7339e-05,7.4845e-05,8.6047e-05,9.3906e-05,7.8188e-05
398,7.4491e-05,7.2765e-05,7.6216e-05,0.00016839,0.0001721,0.00016468,9.5102e-05,0.00010116,8.9046e-05,0.00011899,0.00012915,0.00010883
400,0.00012041,0.00011912,0.00012171,0.00019992,0.00020447,0.00019538,0.00013149,0.00013457,0.00012841,0.00017099,0.00017681,0.00016517
402,0.00024586,0.00024418,0.00024754,0.00031566,0.00031595,0.00031536,0.00025388,0.00025512,0.00025264,0.00029578,0.00030592,0.00028565
404,0.00046063,0.00045962,0.00046164,0.00055806,0.0005662,0.00054991,0.00045253,0.00045796,0.0004471,0.00051878,0.0005345,0.00050307
406,0.00068114,0.00067986,0.00068242,0.00078413,0.00079054,0.00077773,0.0006678,0.00067249,0.0006631,0.00073788,0.00075443,0.00072134
408,0.00086544,0.00086255,0.00086832,0.00097495,0.00098293,0.00096698,0.00084311,0.00084748,0.00083874,0.00092821,0.00095161,0.0009048
410,0.0010004,0.00099715,0.0010037,0.0011209,0.0011301,0.0011118,0.00098569,0.0009917,0.00097968,0.0010563,0.0010821,0.0010305
412,0.0011421,0.0011345,0.0011497,0.0012486,0.0012539,0.0012432,0.001107,0.001112,0.001102,0.0012139,0.0012414,0.0011864
414,0.0012417,0.0012345,0.0012489,0.0013322,0.0013353,0.001329,0.0011998,0.0012032,0.0011964,0.001301,0.001327,0.001275
416,0.0011951,0.0011919,0.0011983,0.0012506,0.0012487,0.0012526,0.0011602,0.0011576,0.0011629,0.0012281,0.0012418,0.0012143
418,0.0009574,0.00095753,0.00095727,0.00096671,0.00096692,0.0009665,0.00095858,0.00095869,0.00095846,0.00095721,0.00095727,0.00095715
420,0.00063712,0.00063718,0.00063706,0.00064125,0.00064134,0.00064116,0.00063764,0.00063769,0.00063759,0.00063703,0.00063706,0.000637
422,0.00029415,0.00029431,0.00029398,0.00030555,0.00030581,0.0003053,0.00029559,0.00029573,0.00029545,0.00029391,0.00029399,0.00029384
424,0.0001173,0.00011816,0.00011645,0.00014267,0.00014687,0.00013846,0.00011476,0.00011583,0.00011369,0.00012314,0.00012452,0.00012177
426,8.2808e-05,8.2535e-05,8.3082e-05,0.00011351,0.00011666,0.00011036,7.6767e-05,7.7799e-05,7.5734e-05,8.4528e-05,9.0527e-05,7.8528e-05
428,8.0752e-05,8.0586e-05,8.0918e-05,0.00011789,0.00012235,0.00011343,6.8928e-05,7.0434e-05,6.7422e-05,9.8341e-05,0.00010539,9.1294e-05
430,7.7113e-05,7.6812e-05,7.7413e-05,0.00010109,0.00010858,9.361e-05,5.8719e-05,5.998e-05,5.7458e-05,9.0278e-05,9.5544e-05,8.5013e-05
432,7.3583e-05,7.2473e-05,7.4693e-05,0.00011979,0.00012209,0.0001175,6.7009e-05,6.8007e-05,6.6011e-05,9.3476e-05,9.9586e-05,8.7366e-05
434,7.7786e-05,7.6972e-05,7.86e-05,0.00012326,0.00012673,0.00011979,6.6499e-05,6.6547e-05,6.6451e-05,9.8604e-05,0.00010432,9.2884e-05
436,8.318e-05,8.311e-05,8.3251e-05,0.00012542,0.00013235,0.00011849,6.4951e-05,6.8416e-05,6.1487e-05,0.00010362,0.00011158,9.5664e-05
438,8.2799e-05,8.2819e-05,8.278e-05,0.00012879,0.00013233,0.00012524,7.0181e-05,7.2054e-05,6.8307e-05,0.00010776,0.00011554,9.9973e-05
440,8.7201e-05,8.8722e-05,8.5681e-05,0.00015308,0.00015969,0.00014648,7.9679e-05,8.4618e-05,7.4741e-05,0.0001066,0.00011658,9.661e-05
442,9.5324e-05,9.6766e-05,9.3881e-05,0.00015833,0.00016699,0.00014967,8.396e-05,8.796e-05,7.9961e-05,0.00012607,0.00013258,0.00011955
444,9.2796e-05,9.4184e-05,9.1408e-05,0.00017647,0.00018356,0.00016938,9.5663e-05,0.00010006,9.1271e-05,0.00012663,0.00013467,0.00011858
446,0.00010084,0.00010225,9.944e-05,0.00019099,0.0001973,0.00018467,9.5118e-05,9.9335e-05,9.09e-05,0.00013223,0.0001395,0.00012496
448,0.00011418,0.00011469,0.00011367,0.00021942,0.00022796,0.00021088,0.00010734,0.00011372,0.00010097,0.00015344,0.00016039,0.0001465
450,0.00012632,0.00012684,0.00012581,0.00028536,0.00029222,0.0002785,0.0001272,0.00013321,0.00012118,0.0001701,0.00017585,0.00016436
452,0.00013751,0.00014158,0.00013343,0.00047275,0.00048328,0.00046223,0.00016312,0.00017241,0.00015383,0.00018293,0.00019127,0.00017459
454,0.00016879,0.00018027,0.0001573,0.0010288,0.0010539,0.0010037,0.00025025,0.00026741,0.00023309,0.00020529,0.00021828,0.0001923
456,0.00021502,0.0002479,0.00018213,0.0024591,0.0025146,0.0024037,0.00047164,0.00050418,0.0004391,0.00022181,0.00024384,0.00019978
458,0.00026731,0.00032625,0.00020837,0.0043858,0.0044804,0.0042911,0.00076968,0.00082634,0.00071302,0.00023827,0.00027307,0.00020347
460,0.00033227,0.00041771,0.00024683,0.0063357,0.0064737,0.0061977,0.0010691,0.0011502,0.00098795,0.00027584,0.00032302,0.00022866
462,0.00039717,0.00050602,0.00028832,0.0079662,0.0081416,0.0077907,0.0013204,0.0014192,0.0012217,0.00030519,0.00036025,0.00025013
464,0.0004426,0.00056678,0.00031843,0.0091415,0.0093419,0.0089412,0.0015097,0.0016218,0.0013976,0.00032808,0.00038931,0.00026684
466,0.00048561,0.00062162,0.0003496,0.01008,0.0103,0.0098602,0.0016698,0.001794,0.0015455,0.00036831,0.00043779,0.00029884
468,0.00054238,0.00068844,0.00039631,0.010859,0.011094,0.010625,0.0017951,0.0019288,0.0016614,0.00042263,0.00049796,0.00034729
470,0.00056095,0.00070818,0.00041372,0.010919,0.011156,0.010682,0.0018156,0.0019488,0.0016824,0.00043127,0.00050621,0.00035634
472,0.00053576,0.00066469,0.00040682,0.0095811,0.0097914,0.0093708,0.0016216,0.0017397,0.0015035,0.00043926,0.00050596,0.00037257
474,0.00046601,0.00055663,0.00037539,0.0067625,0.0069081,0.0066168,0.0012033,0.0012853,0.0011213,0.00042862,0.00047599,0.00038126
476,0.00037869,0.00042377,0.0003336,0.0035189,0.0035926,0.0034453,0.00071411,0.00075543,0.00067278,0.00040775,0.00043258,0.00038291
478,0.00033327,0.00034748,0.00031906,0.001439,0.0014676,0.0014105,0.00041026,0.00042642,0.00039411,0.00041301,0.00042163,0.00040439
480,0.00034308,0.000347,0.00033915,0.00069154,0.00070102,0.00068206,0.00031308,0.00031969,0.00030646,0.00043292,0.00043902,0.00042682
482,0.00037398,0.00037595,0.00037201,0.0005352,0.0005428,0.00052759,0.000303,0.00030584,0.00030017,0.0004887,0.00049458,0.00048282
484,0.00038951,0.00039004,0.00038898,0.0005276,0.00053167,0.00052354,0.00031621,0.00031639,0.00031602,0.0005109,0.00051507,0.00050674
486,0.00040172,0.00040351,0.00039992,0.00053306,0.00053675,0.00052937,0.00032856,0.00032681,0.0003303,0.000523,0.00052662,0.00051937
488,0.00042669,0.00042645,0.00042692,0.00053227,0.00053119,0.00053334,0.00032877,0.00032494,0.00033261,0.00054529,0.00054696,0.00054361
490,0.0004668,0.00046447,0.00046914,0.00054502,0.00054366,0.00054638,0.00034621,0.00034202,0.00035041,0.00059097,0.00059188,0.00059006
492,0.00054733,0.00054547,0.00054919,0.00058117,0.00057789,0.00058445,0.00037417,0.00037171,0.00037663,0.00065631,0.00066307,0.00064955
494,0.00081407,0.00080886,0.00081929,0.00058112,0.00057066,0.00059157,0.00037986,0.00037422,0.00038549,0.00070579,0.00072054,0.00069103
496,0.0017912,0.0017775,0.0018049,0.00059292,0.00056773,0.00061811,0.00038373,0.00037525,0.00039221,0.00076266,0.00081847,0.00070685
498,0.0040149,0.0039787,0.0040511,0.00062599,0.00056085,0.00069113,0.00038758,0.00037978,0.00039538,0.00094934,0.0011051,0.00079361
500,0.0073309,0.007262,0.0073998,0.00071455,0.00059238,0.00083672,0.00040433,0.00039866,0.00041,0.0014215,0.0017267,0.0011163
502,0.010775,0.010671,0.010879,0.00078113,0.00059624,0.00096602,0.0004113,0.00040345,0.00041914,0.0026136,0.0030671,0.0021601
504,0.013464,0.013335,0.013594,0.0008307,0.0005998,0.0010616,0.00043135,0.00042392,0.00043878,0.0051288,0.0057002,0.0045573
506,0.015114,0.014966,0.015261,0.00086975,0.00060968,0.0011298,0.00046983,0.00045833,0.00048133,0.0091243,0.0097477,0.0085008
508,0.015978,0.015823,0.016133,0.00090691,0.0006301,0.0011837,0.00062858,0.00060176,0.00065539,0.014255,0.014848,0.013663
510,0.016335,0.016178,0.016492,0.00092085,0.00064163,0.0012001,0.00093913,0.00088046,0.0009978,0.019304,0.019755,0.018853
512,0.016142,0.015986,0.016299,0.00092739,0.0006512,0.0012036,0.0013973,0.0012883,0.0015063,0.024285,0.024493,0.024077
514,0.014724,0.014581,0.014867,0.00091853,0.00066803,0.001169,0.0018641,0.0017051,0.0020231,0.028508,0.028413,0.028603
516,0.01112,0.011013,0.011228,0.00085817,0.00067113,0.0010452,0.0022165,0.0020213,0.0024117,0.031299,0.030863,0.031736
518,0.0061142,0.0060545,0.0061739,0.00078734,0.000687,0.00088768,0.0024403,0.0022211,0.0026595,0.032452,0.031683,0.03322
520,0.0022504,0.0022297,0.002271,0.00074329,0.00070688,0.0007797,0.0025582,0.0023265,0.0027898,0.031229,0.030233,0.032225
522,0.00097043,0.00096252,0.00097834,0.00072784,0.00071691,0.00073877,0.0025973,0.0023631,0.0028315,0.027331,0.02626,0.028402
524,0.00064304,0.00063882,0.00064726,0.00074926,0.00074583,0.0007527,0.0025732,0.0023442,0.0028022,0.02181,0.020744,0.022876
526,0.00058278,0.00057875,0.0005868,0.00078162,0.00077976,0.00078348,0.0023889,0.0021825,0.0025953,0.016599,0.015637,0.017561
528,0.00056797,0.00056371,0.00057222,0.00081705,0.00081102,0.00082307,0.0019233,0.0017688,0.0020777,0.011477,0.010766,0.012188
530,0.00056387,0.00055993,0.00056782,0.00084636,0.00084237,0.00085035,0.0012735,0.0011914,0.0013555,0.0062181,0.0058497,0.0065864
532,0.00055924,0.00055702,0.00056145,0.00088855,0.00088713,0.00088996,0.00079477,0.00076673,0.0008228,0.002488,0.0023786,0.0025975
534,0.00056532,0.00056238,0.00056826,0.00093281,0.00093174,0.00093389,0.00065766,0.00064819,0.00066713,0.0012783,0.001256,0.0013006
536,0.00057264,0.00056882,0.00057645,0.00098903,0.0009871,0.00099096,0.00064309,0.00063931,0.00064688,0.00096574,0.00096793,0.00096356
538,0.00057715,0.00057422,0.00058008,0.0010473,0.0010426,0.001052,0.00065699,0.00065067,0.00066331,0.00089488,0.000898,0.00089176
540,0.00058328,0.00058163,0.00058493,0.0011126,0.0011126,0.0011127,0.00069147,0.00068864,0.0006943,0.0008794,0.00088677,0.00087204
542,0.00059493,0.00059418,0.00059568,0.0012071,0.0012085,0.0012058,0.00073258,0.00073157,0.0007336,0.00088251,0.00089211,0.00087291
544,0.00061193,0.00061121,0.00061265,0.0012902,0.001292,0.0012885,0.00077489,0.00077377,0.00077602,0.00089654,0.00090753,0.00088554
546,0.00062282,0.00062217,0.00062346,0.0013658,0.0013663,0.0013653,0.00080956,0.00080844,0.00081067,0.00090519,0.00092023,0.00089015
548,0.00063072,0.00063136,0.00063009,0.001463,0.0014671,0.0014589,0.00085195,0.00085224,0.00085167,0.00091345,0.00092778,0.00089912
550,0.00064346,0.00064523,0.00064169,0.0015834,0.0015918,0.001575,0.00089577,0.00089706,0.00089449,0.0009217,0.00093717,0.00090623
552,0.0006544,0.0006569,0.0006519,0.0017967,0.001805,0.0017883,0.00094745,0.00094952,0.00094538,0.00093326,0.00095121,0.0009153
554,0.0006691,0.00067171,0.00066648,0.0025585,0.0025692,0.0025477,0.0010106,0.0010154,0.0010059,0.00095765,0.00097956,0.00093573
556,0.00068438,0.00068705,0.00068172,0.0047044,0.0047139,0.0046949,0.0010734,0.0010781,0.0010687,0.00097031,0.00099244,0.00094819
558,0.00069302,0.00069687,0.00068917,0.0086618,0.008676,0.0086475,0.0011324,0.0011407,0.0011241,0.00098223,0.0010072,0.00095724
560,0.00070082,0.00070569,0.00069596,0.01413,0.014146,0.014113,0.001204,0.0012157,0.0011922,0.00099379,0.0010232,0.00096442
562,0.00072092,0.00072696,0.00071487,0.020482,0.0205,0.020463,0.0013053,0.0013176,0.0012929,0.0010201,0.0010525,0.00098779
564,0.00072525,0.00073144,0.00071906,0.027474,0.027494,0.027454,0.0015075,0.0015224,0.0014926,0.001029,0.001063,0.00099496
566,0.00073611,0.00074401,0.00072822,0.035707,0.035731,0.035683,0.0024654,0.002486,0.0024448,0.0010414,0.0010795,0.0010032
568,0.00074915,0.00075867,0.00073962,0.043131,0.04316,0.043102,0.0048576,0.0048829,0.0048324,0.0010586,0.0011037,0.0010135
570,0.00076493,0.00077536,0.00075451,0.050511,0.050542,0.05048,0.0090913,0.0091206,0.0090619,0.00108,0.0011299,0.0010302
572,0.00077525,0.00078749,0.000763,0.056876,0.056915,0.056837,0.01469,0.014725,0.014654,0.001098,0.0011522,0.0010437
574,0.00078814,0.00080321,0.00077308,0.060749,0.060794,0.060703,0.02113,0.021172,0.021088,0.0011143,0.0011754,0.0010532
576,0.00080232,0.00082077,0.00078387,0.061817,0.061874,0.061759,0.028744,0.028795,0.028693,0.0011383,0.0012072,0.0010694
578,0.00082171,0.00084256,0.00080086,0.062199,0.062264,0.062134,0.036478,0.036539,0.036416,0.0011784,0.0012599,0.001097
580,0.00084442,0.00086918,0.00081967,0.062644,0.062722,0.062567,0.043942,0.044029,0.043855,0.0012302,0.0013393,0.0011211
582,0.00086853,0.00089621,0.00084085,0.062585,0.062672,0.062498,0.051183,0.051376,0.050991,0.0013647,0.0015793,0.0011501
584,0.00089767,0.00093003,0.0008653,0.062784,0.062879,0.062689,0.056902,0.057468,0.056336,0.0017772,0.0023688,0.0011855
586,0.00091937,0.00096075,0.00087798,0.063019,0.063126,0.062911,0.059223,0.060732,0.057715,0.0027457,0.0042803,0.0012111
588,0.00096023,0.0010307,0.00088975,0.062518,0.062657,0.062379,0.057709,0.060831,0.054588,0.0044086,0.0075604,0.0012569
590,0.0010746,0.0012348,0.00091436,0.062355,0.062589,0.062121,0.054897,0.059559,0.050236,0.0060015,0.010694,0.0013094
592,0.0013062,0.00167,0.00094247,0.062038,0.062492,0.061585,0.050595,0.05646,0.044729,0.0072665,0.013166,0.0013669
594,0.0017109,0.0024368,0.00098497,0.061181,0.06203,0.060333,0.044652,0.0513,0.038003,0.008108,0.014792,0.0014237
596,0.0024151,0.0037323,0.0010978,0.060361,0.061901,0.058822,0.038276,0.045387,0.031164,0.0086424,0.015793,0.0014918
598,0.0037936,0.0061824,0.0014049,0.058629,0.061524,0.055735,0.030296,0.037633,0.02296,0.009047,0.016436,0.0016579
600,0.0055334,0.0091323,0.0019345,0.056369,0.060988,0.051751,0.022904,0.03011,0.015698,0.0093796,0.016685,0.0020739
602,0.0076895,0.012449,0.0029299,0.054103,0.060852,0.047355,0.016552,0.022957,0.010146,0.0098947,0.016545,0.0032441
604,0.010241,0.015938,0.0045442,0.051231,0.060502,0.04196,0.011033,0.015687,0.0063799,0.010738,0.015927,0.0055503
606,0.012938,0.019292,0.0065854,0.047634,0.059571,0.035697,0.0062009,0.0086804,0.0037214,0.012434,0.015841,0.0090275
608,0.015366,0.022025,0.0087078,0.043255,0.057569,0.028942,0.0028499,0.0036637,0.0020361,0.016326,0.018485,0.014167
610,0.016599,0.023136,0.010062,0.038139,0.053649,0.022629,0.0016724,0.0018902,0.0014545,0.021783,0.023614,0.019952
612,0.016933,0.023011,0.010855,0.03246,0.04825,0.016671,0.0013535,0.0014088,0.0012983,0.028156,0.029986,0.026327
614,0.016409,0.021609,0.011208,0.027208,0.042398,0.012017,0.0012706,0.0012795,0.0012616,0.034937,0.036812,0.033062
616,0.01492,0.018683,0.011157,0.021976,0.035586,0.0083649,0.0012511,0.001251,0.0012513,0.04174,0.043628,0.039852
618,0.012791,0.014728,0.010853,0.016427,0.027576,0.0052769,0.001274,0.0012867,0.0012613,0.048607,0.050365,0.046849
620,0.010883,0.011413,0.010353,0.012117,0.02062,0.003614,0.0013688,0.0014603,0.0012773,0.053003,0.054356,0.05165
622,0.0090985,0.0084287,0.0097684,0.0082937,0.013818,0.0027697,0.0015312,0.0017713,0.001291,0.055117,0.055764,0.05447
624,0.0081878,0.006375,0.010001,0.0054134,0.0084991,0.0023277,0.0017995,0.0022814,0.0013175,0.056006,0.055855,0.056157
626,0.0090303,0.0061523,0.011908,0.0043685,0.0065882,0.0021488,0.0021684,0.0030109,0.0013259,0.055991,0.055121,0.05686
628,0.011926,0.0079192,0.015932,0.0051991,0.0081178,0.0022803,0.0027796,0.0041707,0.0013885,0.054669,0.053044,0.056294
630,0.015437,0.010445,0.020429,0.0068971,0.01076,0.0030342,0.0035127,0.0054258,0.0015996,0.053217,0.050835,0.055599
632,0.019104,0.013205,0.025004,0.0088677,0.013033,0.0047024,0.0043474,0.0066735,0.0020213,0.051778,0.048529,0.055028
634,0.022772,0.01607,0.029475,0.011049,0.01467,0.0074284,0.0053328,0.0078876,0.0027781,0.049936,0.04569,0.054183
636,0.025966,0.01873,0.033201,0.013253,0.015618,0.010888,0.0063764,0.008818,0.0039348,0.048106,0.042792,0.053421
638,0.028541,0.021247,0.035836,0.015695,0.015901,0.015489,0.0076158,0.0092705,0.0059611,0.045999,0.039435,0.052562
640,0.030057,0.023054,0.03706,0.017724,0.015418,0.02003,0.0087679,0.0091385,0.0083973,0.044079,0.036366,0.051792
642,0.030971,0.024331,0.037611,0.019293,0.013834,0.024753,0.0098993,0.0085602,0.011238,0.042474,0.033645,0.051304
644,0.031103,0.02487,0.037336,0.02013,0.010697,0.029564,0.010974,0.0074966,0.014451,0.040966,0.031112,0.050819
646,0.030731,0.024954,0.036509,0.020594,0.0067795,0.034409,0.012086,0.0061161,0.018056,0.039459,0.02882,0.050098
648,0.030296,0.024986,0.035606,0.021,0.0035718,0.038427,0.013264,0.0045895,0.021938,0.038118,0.02747,0.048766
650,0.029637,0.024785,0.034488,0.021157,0.002157,0.040158,0.014154,0.0032427,0.025066,0.036711,0.027194,0.046228
652,0.028714,0.024364,0.033063,0.021131,0.0015009,0.040761,0.014885,0.002005,0.027764,0.035035,0.02729,0.04278
654,0.027797,0.023922,0.031672,0.021078,0.0012002,0.040955,0.015508,0.001192,0.029823,0.03343,0.027363,0.039497
656,0.026787,0.023404,0.030169,0.020926,0.0010459,0.040805,0.016035,0.0008042,0.031265,0.031729,0.026981,0.036477
658,0.025922,0.022988,0.028856,0.020871,0.00099969,0.040742,0.016565,0.00070447,0.032426,0.03026,0.026581,0.033939
660,0.025361,0.022768,0.027954,0.020901,0.00093704,0.040865,0.01706,0.00071302,0.033408,0.029236,0.026964,0.031508
662,0.024742,0.022472,0.027013,0.020831,0.00091868,0.040743,0.017406,0.00078329,0.034029,0.028186,0.028043,0.028329
664,0.023945,0.021972,0.025918,0.020563,0.00091743,0.040209,0.017525,0.0008885,0.034161,0.026994,0.028941,0.025047
666,0.022457,0.020791,0.024123,0.019603,0.0008749,0.038332,0.01697,0.00095227,0.032988,0.025087,0.027888,0.022285
668,0.020306,0.01892,0.021693,0.017933,0.00085743,0.035008,0.015679,0.00099374,0.030364,0.022519,0.024795,0.020244
670,0.017766,0.016636,0.018896,0.015827,0.00080881,0.030844,0.013958,0.001004,0.026912,0.019602,0.021481,0.017724
672,0.015029,0.014131,0.015926,0.013502,0.00079794,0.026206,0.01197,0.0010061,0.022933,0.016494,0.019,0.013988
674,0.011953,0.011282,0.012623,0.010859,0.00081414,0.020904,0.0096376,0.00099767,0.018278,0.01308,0.016946,0.0092146
676,0.0087638,0.0083021,0.0092256,0.0080765,0.00079618,0.015357,0.0071406,0.00091745,0.013364,0.0095697,0.014083,0.0050561
678,0.0060768,0.0057645,0.0063892,0.0056402,0.00075924,0.010521,0.0049411,0.00078936,0.0090929,0.0066342,0.010309,0.0029596
680,0.0036654,0.0034744,0.0038564,0.0034414,0.00072698,0.0061559,0.0029485,0.0006535,0.0052435,0.0040305,0.006197,0.0018641
682,0.0019926,0.0018892,0.002096,0.0019283,0.00073271,0.0031239,0.0015571,0.00055809,0.002556,0.0021999,0.0031203,0.0012795
684,0.0011403,0.0010803,0.0012003,0.0011714,0.0007447,0.0015982,0.00086112,0.00052212,0.0012001,0.0012478,0.0015065,0.00098916
686,0.00089742,0.00084869,0.00094614,0.00094902,0.00072585,0.0011722,0.00065902,0.0004999,0.00081814,0.00098235,0.0010579,0.00090677
688,0.00081042,0.00076582,0.00085502,0.00090955,0.00073953,0.0010796,0.00061666,0.00050847,0.00072485,0.00087642,0.00091811,0.00083473
690,0.00076371,0.00072108,0.00080634,0.00084288,0.00069525,0.0009905,0.00057169,0.00048646,0.00065692,0.0008034,0.00084058,0.00076623
692,0.00071871,0.00068275,0.00075467,0.00079533,0.00065825,0.00093241,0.00055264,0.00047788,0.00062739,0.00071676,0.00075795,0.00067557
694,0.00069023,0.00065835,0.00072211,0.00074653,0.00060564,0.00088742,0.00050038,0.00043273,0.00056803,0.00063679,0.00067248,0.0006011
696,0.00074753,0.00071798,0.00077708,0.00083083,0.00063635,0.0010253,0.00049412,0.0004386,0.00054963,0.00062258,0.00066521,0.00057995
698,0.00097066,0.00094539,0.00099592,0.0010485,0.00062922,0.0014678,0.00045509,0.00040516,0.00050501,0.00059227,0.00063127,0.00055327
700,0.0014984,0.0014859,0.0015109,0.0015758,0.0006305,0.0025211,0.00043646,0.00039639,0.00047653,0.00054124,0.00059079,0.0004917
702,0.0025614,0.0025591,0.0025637,0.0027112,0.00089026,0.0045321,0.00045908,0.00043901,0.00047914,0.0005269,0.00058806,0.00046574
704,0.0037452,0.0037588,0.0037317,0.0038794,0.0014411,0.0063178,0.00041417,0.00040311,0.00042522,0.00049152,0.00056299,0.00042004
706,0.0050116,0.0050344,0.0049888,0.0052044,0.0026935,0.0077152,0.00044786,0.00046243,0.0004333,0.00049239,0.00058487,0.00039991
708,0.0063222,0.0063624,0.006282,0.0065375,0.0045994,0.0084755,0.00051361,0.0006282,0.00039902,0.00056392,0.00075566,0.00037218
710,0.007842,0.0078914,0.0077926,0.0081276,0.007399,0.0088562,0.00091597,0.0014011,0.00043087,0.00093645,0.001497,0.00037595
712,0.0090716,0.0091378,0.0090055,0.0093431,0.0099465,0.0087397,0.0015324,0.0026788,0.00038601,0.0015407,0.0027611,0.00032032
714,0.009808,0.0098811,0.009735,0.010136,0.012114,0.0081581,0.0023726,0.0043511,0.00039405,0.0023634,0.004409,0.00031792
716,0.0097934,0.0098708,0.009716,0.010123,0.013488,0.0067582,0.0030538,0.0057547,0.00035293,0.0030629,0.0058319,0.000294
718,0.0088859,0.008953,0.0088188,0.0091851,0.013848,0.0045218,0.0034895,0.0066343,0.00034464,0.0034815,0.0066913,0.00027175
720,0.007503,0.0075577,0.0074484,0.0078089,0.01308,0.0025382,0.0035757,0.0068022,0.00034916,0.00356,0.0068413,0.00027868
722,0.0060792,0.0061253,0.0060331,0.0063629,0.011426,0.0012997,0.0034551,0.0065841,0.0003261,0.0034045,0.0065785,0.00023059
724,0.0047561,0.0047918,0.0047204,0.0050492,0.0093377,0.00076064,0.0032456,0.0061779,0.00031334,0.0032309,0.0062128,0.00024887
726,0.0035119,0.003542,0.0034819,0.0037501,0.0069943,0.00050587,0.0028493,0.0054314,0.0002672,0.0028607,0.0054919,0.00022963
728,0.0023967,0.0024207,0.0023726,0.0025924,0.0047702,0.0004146,0.0021943,0.0041461,0.00024249,0.0022,0.0041959,0.00020401
730,0.0015984,0.0016114,0.0015854,0.0017938,0.0031665,0.00042101,0.0015509,0.0028483,0.00025346,0.0015925,0.0029319,0.00025305
732,0.0010711,0.0010815,0.0010606,0.0012674,0.0021381,0.00039665,0.0010757,0.0019123,0.00023906,0.0011394,0.002006,0.0002728
734,0.00097888,0.00098871,0.00096906,0.0011778,0.0019808,0.00037477,0.0010209,0.0018134,0.00022845,0.0010037,0.0018195,0.00018779
736,0.0012695,0.0012676,0.0012714,0.0014339,0.002524,0.00034394,0.0012949,0.0023748,0.00021507,0.0013577,0.0024627,0.00025273
738,0.0016036,0.0016076,0.0015997,0.0017542,0.0031671,0.00034131,0.0016006,0.0029998,0.00020137,0.0016691,0.0030869,0.00025121
740,0.0018114,0.0018129,0.0018099,0.0019327,0.003577,0.00028841,0.0017902,0.0034115,0.0001689,0.0018935,0.0035336,0.00025338
742,0.0019048,0.0019121,0.0018975,0.0020492,0.0038039,0.00029438,0.0018716,0.0036052,0.00013802,0.0020444,0.0037972,0.00029151
744,0.0020091,0.0020057,0.0020125,0.0020812,0.0039248,0.00023752,0.0019286,0.0037241,0.00013307,0.0021043,0.0039221,0.00028654
746,0.0021137,0.0021087,0.0021186,0.0022316,0.0041624,0.00030081,0.0020647,0.0039242,0.00020521,0.0022192,0.0041415,0.00029677
748,0.0022191,0.0022196,0.0022186,0.0023612,0.0043695,0.00035301,0.0021738,0.004088,0.00025956,0.0023179,0.0043208,0.00031495
750,0.0021942,0.0021975,0.002191,0.002322,0.0042753,0.00036875,0.0021471,0.0039852,0.00030904,0.0022488,0.004191,0.00030662
752,0.001988,0.0019688,0.0020073,0.0020224,0.0037254,0.00031942,0.0018908,0.0034618,0.00031975,0.002122,0.0038034,0.00044059
754,0.001707,0.0016937,0.0017202,0.0017666,0.0032077,0.00032555,0.0016224,0.0029467,0.0002981,0.001814,0.0032481,0.00037987
756,0.0015939,0.0015861,0.0016017,0.0016739,0.0029959,0.00035194,0.0015382,0.002743,0.00033354,0.0017751,0.0030899,0.00046027
758,0.0016078,0.0015903,0.0016253,0.001665,0.0030011,0.00032889,0.0015181,0.0027614,0.00027468,0.001694,0.0030322,0.00035574
760,0.0016777,0.001655,0.0017004,0.0017546,0.0031416,0.0003677,0.0015853,0.0028861,0.00028438,0.0017379,0.003116,0.00035985
762,0.0018007,0.0017761,0.0018253,0.00188,0.0032891,0.00047092,0.0016952,0.0030523,0.00033817,0.0018523,0.0032711,0.00043357
764,0.0018305,0.0018059,0.001855,0.0019401,0.0033272,0.00055307,0.001734,0.0030854,0.00038255,0.0019028,0.0033054,0.00050029
766,0.0016195,0.0015945,0.0016445,0.001707,0.0028596,0.00055428,0.0015529,0.0027344,0.00037136,0.001666,0.0028811,0.00045079
768,0.0013536,0.0013218,0.0013854,0.0013902,0.0022437,0.00053674,0.0012018,0.0020718,0.00033174,0.001438,0.0023473,0.00052867
770,0.0011459,0.0011117,0.00118,0.0011498,0.0017498,0.00054989,0.00092302,0.0015399,0.00030611,0.0011849,0.0018512,0.00051866
772,0.00098707,0.00095662,0.0010175,0.0010746,0.0014846,0.00066469,0.00080228,0.0012221,0.00038243,0.0010711,0.0015404,0.00060182
774,0.00071242,0.00069689,0.00072795,0.00085327,0.0010823,0.00062421,0.00055875,0.00078853,0.00032897,0.00072439,0.00099847,0.00045032
776,0.00061994,0.0006005,0.00063939,0.00074294,0.00083437,0.00065151,0.00045431,0.00053536,0.00037327,0.00073076,0.000842,0.00061951
778,0.000659,0.00062826,0.00068974,0.00076428,0.00076801,0.00076055,0.00040018,0.00039215,0.00040821,0.00076675,0.00081233,0.00072117
780,0.00062349,0.00059472,0.00065226,0.00083571,0.00081051,0.00086091,0.00046017,0.00040922,0.00051112,0.00077001,0.00078427,0.00075575
